File-name,z-axis-feat1,y-axis-feat1,x-axis-feat1,EDA-feat1,z-axis-feat2,y-axis-feat2,x-axis-feat2,EDA-feat2,z-axis-feat3,y-axis-feat3,x-axis-feat3,EDA-feat3,z-axis-feat4,y-axis-feat4,x-axis-feat4,EDA-feat4,z-axis-feat5,y-axis-feat5,x-axis-feat5,EDA-feat5,z-axis-feat6,y-axis-feat6,x-axis-feat6,EDA-feat6,Label,N_Label
P01_Af_01,0.175070423,0.787435686,0.05177305,0.0905,0.114930021,0.523028169,0.251048834,0.389006286,0.151428571,0.603183728,0.346056338,0.083262411,0.527857737,0.104642857,0.6634031,0.080912289,0.043971631,0.543448118,0.044285714,0.930852113,0.017332766,0.002340426,0.135028968,0.16813737,Af,1
P01_Af_02,0.306842105,0.755485363,0.05469697,0.094427481,0.12498916,0.521203008,0.243478695,0.366530731,0.126412214,0.519192094,0.27443609,0.060909091,0.373400032,0.089083969,0.546124667,0.096415596,0.068181818,0.707165862,0.048854962,0.958270677,0.03461107,0.00280303,0.080986525,0.101013438,Af,1
P01_Af_03,0.276356589,0.762774477,0.042734375,0.079448819,0.104157679,0.523953488,0.224650488,0.254562101,0.081496063,0.362768244,0.211550388,0.035546875,0.221955046,0.054173228,0.338258184,0.114013293,0.0484375,0.424840812,0.050393701,0.98320155,0.059876746,0.002929688,0.048928636,0.073773596,Af,1
P01_Af_04,0.301438356,0.777264868,0.05062069,0.092152778,0.118560328,0.507739726,0.209125504,0.288557953,0.092777778,0.443646403,0.218219178,0.039517241,0.253228941,0.057013889,0.365348546,0.033104236,0.011034483,0.333325406,0.011111111,1.038226027,0.040540447,0.003013793,0.074340401,0.083935378,Af,1
P01_An_01,0.723024691,0.742640153,0.211118012,0.27325,0.367944016,0.352037037,0.680135298,0.389856666,0.31875,0.468656753,0.483518519,0.215217391,0.382796271,0.3091875,0.549936143,0.05226266,0.021118012,0.404074581,0.02375,1.153179012,0.089808693,0.004434783,0.049380327,0.081075114,An,2
P01_An_02,0.51369863,0.813578738,0.108275862,0.16,0.196661973,0.251232877,0.53105606,0.347388482,0.235972222,0.444345221,0.500753425,0.297586207,0.423632132,0.385,0.548071002,0.079011369,0.049655172,0.628456045,0.052777778,1.308410959,0.065465092,0.0048,0.07332152,0.107457609,An,2
P01_An_03,0.554672131,0.838642335,0.230578512,0.303833333,0.36229191,0.349180328,0.798816884,0.421077275,0.445,0.557073854,0.516147541,0.300743802,0.459523376,0.437083333,0.667844218,0.059805946,0.024793388,0.41456394,0.033333333,1.291221311,0.076937402,0.005280992,0.06864011,0.099973049,An,2
P01_An_04,0.464,0.764306039,0.089147287,0.132421875,0.173257659,0.244923077,0.618189713,0.356630192,0.288671875,0.466963246,0.531,0.241162791,0.39584696,0.351171875,0.576416945,0.069343974,0.037209302,0.536590277,0.0375,1.304484615,0.028561164,0.004697674,0.164477697,0.213631439,An,2
P01_Ha_01,0.566936937,0.646030949,0.100818182,0.158623853,0.245535997,0.52954955,0.295516151,0.401454754,0.158256881,0.535527011,0.212612613,0.083818182,0.419227068,0.11853211,0.592853101,0.062503071,0.021818182,0.349073756,0.024770642,1.319522523,0.015297562,0.003818182,0.249594142,0.336445053,Ha,3
P01_Ha_02,0.476756757,0.693372735,0.080727273,0.144587156,0.208527317,0.518558559,0.291752843,0.421901318,0.151100917,0.517907266,0.222162162,0.129545455,0.481298379,0.178073394,0.661593542,0.097872537,0.078181818,0.798812622,0.088073394,1.375477477,0.025195904,0.003990909,0.158395154,0.174048968,Ha,3
P01_Ha_03,0.49847619,0.65879812,0.097403846,0.152621359,0.231666355,0.549428571,0.323231367,0.521179427,0.197961165,0.612444167,0.298285714,0.08625,0.401292554,0.122621359,0.570516387,0.082186244,0.011538462,0.140394072,0.015533981,1.391019048,0.011514189,0.003125,0.271404256,0.319571924,Ha,3
P01_Ha_04,0.508558559,0.703047712,0.096454545,0.155137615,0.220664419,0.516576577,0.328056247,0.428141658,0.178073394,0.542813607,0.27009009,0.132181818,0.493407531,0.165321101,0.617109655,0.098273382,0.094545455,0.962065743,0.099082569,1.456711712,0.023798926,0.003581818,0.150503356,0.208166054,Ha,3
P01_Re_01,0.517361111,0.590306293,0.046223776,0.078098592,0.132301811,0.554236111,0.216951478,0.195009929,0.068309859,0.314862382,0.170763889,0.042517483,0.233585815,0.056408451,0.309901085,0.113971534,0.026573427,0.233158454,0.033802817,0.736541667,0.031752732,0.002188811,0.068933003,0.092927569,Re,4
P01_Re_02,0.298550725,0.642165077,0.047153285,0.084705882,0.13190671,0.631594203,0.206221645,0.319265303,0.082720588,0.401124664,0.121666667,0.037737226,0.223874105,0.046764706,0.277429151,0.044619529,0.016058394,0.359896094,0.019117647,0.830565217,0.061150402,0.002379562,0.038913269,0.058678851,Re,4
P01_Re_03,0.41296875,0.586118097,0.044724409,0.080714286,0.137709936,0.62828125,0.210664899,0.226878212,0.066746032,0.316835087,0.17453125,0.045590551,0.269109861,0.067142857,0.396327847,0.03069888,0.009448819,0.307790342,0.007936508,0.744679688,0.024688272,0.001834646,0.074312438,0.105441751,Re,4
P01_Re_04,0.478968254,0.584107975,0.0436,0.079758065,0.136546782,0.582698413,0.229745643,0.209623127,0.071532258,0.311354145,0.202380952,0.0408,0.227786254,0.059032258,0.329576885,0.081416039,0.0336,0.412695095,0.029032258,0.766809524,0.014429256,0.002152,0.149141439,0.17828921,Re,4
P01_Sa_01,0.570769231,0.56791232,0.054827586,0.09973913,0.175624171,0.538376068,0.230299495,0.228338351,0.084,0.364742441,0.176837607,0.056896552,0.260649711,0.086608696,0.396764492,0.086725818,0.051724138,0.596409917,0.055652174,0.818547009,0.034645619,0.001922414,0.055487934,0.082324231,Sa,5
P01_Sa_02,0.579243697,0.539673724,0.048050847,0.087521368,0.162174595,0.543445378,0.225352594,0.197430723,0.075384615,0.334518517,0.190168067,0.04720339,0.216048948,0.078119658,0.357552074,0.096484274,0.062711864,0.649969798,0.073504274,0.871512605,0.028586137,0.002245763,0.078561253,0.115709665,Sa,5
P01_Sa_03,0.537478261,0.52348167,0.046578947,0.088053097,0.168206649,0.595217391,0.227427829,0.230649612,0.080353982,0.353316403,0.187565217,0.036842105,0.196941226,0.06,0.320732853,0.100403458,0.064912281,0.646514395,0.074336283,0.905426087,0.041969509,0.003052632,0.072734508,0.115127829,Sa,5
P01_Sa_04,0.578869565,0.47072502,0.047105263,0.086371681,0.18348649,0.589913043,0.231897193,0.185351343,0.072920354,0.314451214,0.210608696,0.05,0.278636928,0.072654867,0.40488658,0.08723221,0.054385965,0.623461965,0.060176991,0.91133913,0.027911479,0.001982456,0.071026553,0.086873891,Sa,5
P02_Af_01,-0.332454545,0.480603952,0.23559633,0.341203704,0.70994777,0.522727273,0.400022727,0.544235133,0.283425926,0.708524559,-0.410818182,0.256972477,0.521164791,0.333148148,0.675656347,0.147359297,0.022018349,0.149419474,0.02962963,0,0,0,0,0,Af,1
P02_Af_02,-0.2254,0.299572553,0.164285714,0.185416667,0.618937433,0.6134,0.200108236,0.592536474,0.154375,0.771457503,-0.4948,0.119183673,0.595334254,0.160833333,0.803378431,0.047979587,0.024489796,0.510421144,0.025,0.00072,0.002672918,0.000285714,0.106892281,0.187061492,Af,1
P02_Af_03,0.027,0.118434229,0.115128205,0.106842105,0.902121844,0.54575,0.275679929,0.552480164,0.182368421,0.661522302,-0.58,0.124102564,0.752127898,0.132368421,0.802223411,0.044144286,0.020512821,0.46467669,0.021052632,0.0012,0.003756703,0.000461538,0.122857306,0.224160699,Af,1
P02_Af_04,-0.2592,0.16847156,0.12625,0.136956522,0.812935557,0.362,0.150803404,0.580225629,0.115652174,0.766906919,-0.6896,0.095833333,0.883941962,0.10826087,0.998570353,0.081649658,0.083333333,1.020620726,0.052173913,0.09368,0.012266893,0.003958333,0.322684261,0.581274714,Af,1
P02_An_01,-0.839105263,0.143511294,0.068042328,0.099414894,0.692732194,-0.050894737,0.120776761,0.548916,0.083510638,0.691446251,0.906,0.109417989,0.442994362,0.173723404,0.703344021,0.120317042,0.071957672,0.598067165,0.087234043,0.094026316,0.008618569,0.000825397,0.095769594,0.116028546,An,2
P02_An_02,-0.854646018,0.117125226,0.046133333,0.072857143,0.622044843,-0.00880531,0.114828905,0.44239732,0.077098214,0.671418177,0.854115044,0.127555556,0.48276689,0.184285714,0.697476803,0.034726067,0.012444444,0.358360323,0.010714286,0.103668142,0.002673417,0.000786667,0.294255133,0.280539851,An,2
P02_An_03,-0.830785714,0.34638538,0.14352518,0.198695652,0.573625978,-0.025357143,0.25115105,0.550272192,0.183043478,0.728818288,0.894714286,0.225539568,0.429797713,0.326086957,0.621405056,7.84E-14,0,0,0,0.111971429,0.003875663,0.000453237,0.116944496,0.149577042,An,2
P02_An_04,-0.876375,0.29452336,0.139559748,0.173037975,0.587518677,-0.0014375,0.358573075,0.491465833,0.228734177,0.637901151,0.829,0.322641509,0.501412168,0.461329114,0.716944424,0.120108703,0.017610063,0.146617709,0.017721519,0.1330625,0.008118375,0.000654088,0.080568835,0.083417575,An,2
P02_An_05,-0.879933333,0.195185325,0.082751678,0.106216216,0.544181364,-0.079,0.251648925,0.45098517,0.159662162,0.634463916,0.815726667,0.203543624,0.390928813,0.298432432,0.573173623,0.045090017,0.02147651,0.476302995,0.021621622,0.150913333,0.002157978,0.000234899,0.108851599,0.12211132,An,2
P02_Ha_01,-0.0534,0.237173922,0.232040816,0.232291667,0.979414872,0.1256,0.104689239,1.025386563,0.103958333,0.993018332,-0.7694,0.107755102,1.000057074,0.1075,0.997689515,0.054809503,0.032653061,0.595755469,0.033333333,0,0,0,0,0,Ha,3
P02_Ha_02,-0.171111111,0.101739914,0.055454545,0.066976744,0.658313356,-0.017555556,0.123732768,0.255315625,0.041860465,0.338313493,-0.753555556,0.060681818,1.054770176,0.061627907,1.071215073,0.089442719,0.072727273,0.813115628,0.08372093,0,0,0,0,0,Ha,3
P02_Ha_03,-0.069714286,0.050902774,0.045294118,0.052424242,1.029889689,0.089142857,0.059772679,0.551107583,0.047575758,0.795944881,-0.789428571,0.047352941,0.614664505,0.05,0.649024633,0.096318798,0.082352941,0.855003826,0.054545455,0,0,0,0,0,Ha,3
P02_Ha_04,-0.0748,0.049254441,0.050833333,0.043913043,0.891554999,0.0656,0.057668593,0.462412296,0.03173913,0.550371156,-0.79,0.072916667,0.852938334,0.075217391,0.879850922,0.1,0.108333333,1.083333333,0.086956522,0,0,0,0,0,Ha,3
P02_Re_01,-0.462909091,0.235509775,0.069541284,0.098888889,0.419892928,0.594090909,0.348428439,0.490274814,0.200925926,0.576663394,0.729727273,0.198256881,0.347752362,0.286944444,0.50331473,0.136743979,0.078899083,0.576983961,0.081481481,1.234936364,0.094590501,0.003311927,0.035013311,0.059515803,Re,4
P02_Re_02,-0.641538462,0.24702089,0.108217054,0.127265625,0.515201872,0.595230769,0.392337885,0.555999161,0.2796875,0.712874057,0.778538462,0.199689922,0.487754,0.232421875,0.567703656,6.42E-14,0,0,0,1.590915385,0.00904685,0.001922481,0.212502759,0.265976551,Re,4
P02_Re_03,-0.6432,0.322643375,0.168888889,0.199081633,0.617033071,0.5733,0.615311459,0.616260129,0.456122449,0.741287103,0.8084,0.261212121,0.45771193,0.358877551,0.628847297,0.08326664,0.048484848,0.582284196,0.065306122,1.735,0.13124093,0.004343434,0.03309512,0.062356107,Re,4
P02_Re_04,-0.592333333,0.321666037,0.210169492,0.225517241,0.701091241,0.558666667,0.729988314,0.767135569,0.693448276,0.949944353,0.707833333,0.446440678,0.649737661,0.570517241,0.830315328,0.072016947,0.061016949,0.847258202,0.044827586,2.371633333,0.044682293,0.003915254,0.08762429,0.126949925,Re,4
P02_Re_05,-0.4955,0.267264151,0.102911392,0.121923077,0.456189415,0.49325,0.456455178,0.716029654,0.391538462,0.857780743,0.502625,0.28556962,0.419216064,0.291666667,0.428166525,0.078554988,0.002531646,0.032227687,0.005128205,2.2841,0.059927086,0.004822785,0.080477545,0.11659468,Re,4
P02_Sa_01,-0.199666667,0.408781615,0.147142857,0.237711864,0.5815131,0.891408333,0.59435314,0.591957725,0.464474576,0.781479132,0.0605,0.151344538,0.421884432,0.237033898,0.660750055,0.018257419,0.003361345,0.184108423,0.003389831,2.572883333,0.082782715,0.005092437,0.061515704,0.117931767,Sa,5
P02_Sa_02,-0.22475,0.317266709,0.050886076,0.086282051,0.271954318,0.84825,0.391242018,0.322892502,0.211153846,0.539701353,-0.10475,0.076582278,0.251764894,0.124230769,0.408409713,0.095168073,0.081012658,0.85125879,0.079487179,2.5953625,0.009668222,0.005670886,0.586548986,0.648436753,Sa,5
P02_Sa_03,-0.530976744,0.253217564,0.088551402,0.127230047,0.502453482,0.721674419,0.515364843,0.520183159,0.331032864,0.642327214,0.514976744,0.184205607,0.380703303,0.261877934,0.541231051,0.013639887,0.001869159,0.137036246,0.000938967,2.740455814,0.124215093,0.004294393,0.034572228,0.051553766,Sa,5
P02_Sa_04,-0.274235294,0.479199174,0.152619048,0.165421687,0.345204449,0.354352941,0.371926923,0.396903366,0.154939759,0.416586565,-0.126823529,0.270714286,0.385057962,0.292409639,0.415916947,0.151666744,0.05952381,0.392464479,0.072289157,0.528482353,1.006198381,0.032642857,0.032441771,0.064958806,Sa,5
P03_Af_01,0.582357143,0.147387859,0.043165468,0.054710145,0.371198452,-0.762857143,0.316787575,0.248674457,0.123043478,0.388410051,0.496428571,0.091654676,0.231168266,0.142101449,0.358403378,0.07167071,0.037410072,0.521971556,0.037681159,2.684921429,0.028157335,0.005697842,0.202357281,0.207941287,Af,1
P03_Af_02,0.52858156,0.063342398,0.024285714,0.032230216,0.508825319,-0.80035461,0.280546435,0.318511062,0.119784173,0.426967368,0.516106383,0.1097,0.325322887,0.133223022,0.395082023,0.02896387,0.008571429,0.295935195,0.008633094,2.905163121,0.170894563,0.008378571,0.049027724,0.069376783,Af,1
P03_Af_03,0.563985507,0.095179737,0.027080292,0.035367647,0.37158799,-0.741086957,0.296848864,0.291135888,0.106985294,0.360403246,0.568985507,0.069489051,0.289941094,0.095735294,0.399452799,0.076083103,0.002919708,0.038375249,0.005882353,2.977253623,0.112254147,0.007489051,0.066715139,0.095044307,Af,1
P03_Af_04,0.547163121,0.135020243,0.041571429,0.045899281,0.339943697,-0.772978723,0.245978352,0.22243537,0.075827338,0.30826834,0.492340426,0.085857143,0.209500589,0.120503597,0.294041634,0.072835188,0.052857143,0.725708887,0.044604317,2.836744681,0.030413438,0.00625,0.205501266,0.214785784,Af,1
P03_An_01,0.536811594,0.17844824,0.049635036,0.0575,0.322222286,-0.786014493,0.295270604,0.234104197,0.102794118,0.348135291,0.448913043,0.090583942,0.220754214,0.132058824,0.321829027,0.093544969,0.070072993,0.749083502,0.086764706,2.897586957,0.047580854,0.004890511,0.102783169,0.145263571,An,2
P03_An_02,0.571928571,0.09687117,0.028345324,0.042028986,0.433864744,-0.7395,0.289000573,0.242462988,0.095362319,0.329972768,0.512928571,0.108345324,0.299061921,0.127753623,0.352633992,0.037248644,0.014388489,0.386282231,0.014492754,2.987785714,0.025728742,0.004676259,0.181752341,0.215458586,An,2
P03_An_03,0.566433121,0.152445925,0.049871795,0.065548387,0.429977956,-0.776815287,0.279649594,0.333751007,0.127096774,0.454485818,0.503248408,0.106089744,0.267679462,0.152,0.383517547,0.065438632,0.002564103,0.039183315,0.00516129,3.087292994,0.217507508,0.010788462,0.04960041,0.068280921,An,2
P03_An_04,0.600268456,0.154421091,0.045472973,0.057142857,0.370045677,-0.698322148,0.254774417,0.326202721,0.11707483,0.459523492,0.609731544,0.101824324,0.259171305,0.141156463,0.359282567,0.03945024,0.016216216,0.411054946,0.014965986,3.241134228,0.191326298,0.009101351,0.047569788,0.071644532,An,2
P03_Ha_01,0.551578947,0.18439024,0.042575758,0.055267176,0.299729397,-0.758947368,0.276923748,0.348252523,0.131679389,0.475507753,0.499924812,0.12280303,0.289849317,0.152366412,0.359627124,0.096840025,0.066666667,0.688420585,0.07480916,3.296917293,0.262089478,0.009689394,0.036969794,0.055484809,Ha,3
P03_Re_01,0.735230769,0.032995545,0.012945736,0.017109375,0.518535904,-0.408153846,0.194532971,0.317994758,0.07484375,0.384735552,0.759692308,0.076744186,0.347891602,0.09953125,0.451188394,0.038610326,0.012403101,0.321237916,0.015625,1.870138462,0.032465307,0.002658915,0.081900186,0.099625578,Re,4
P03_Re_02,0.708602941,0.060150094,0.01837037,0.02358209,0.392054079,-0.507058824,0.184944907,0.341643282,0.076791045,0.415210377,0.720735294,0.058740741,0.259069539,0.084776119,0.373895697,0.075248318,0.054814815,0.728452359,0.055223881,1.93975,0.049892885,0.003822222,0.076608563,0.107095101,Re,4
P03_Re_03,0.681690141,0.052321589,0.024184397,0.027785714,0.53105639,-0.580492958,0.196260528,0.379796221,0.088285714,0.449839379,0.641971831,0.092553191,0.364946906,0.096214286,0.379382983,0.097772617,0.092198582,0.942989814,0.085714286,2.252169014,0.08634542,0.004297872,0.049775337,0.070150135,Re,4
P03_Re_04,0.672074074,0.069239971,0.021343284,0.028045113,0.405042238,-0.560814815,0.270248785,0.300994077,0.096917293,0.358622494,0.696962963,0.076641791,0.296439061,0.092857143,0.359157632,0.116859589,0.070149254,0.60028667,0.07518797,2.248666667,0.113055131,0.005186567,0.045876442,0.065042457,Re,4
P03_Sa_01,0.664360902,0.103604386,0.025075758,0.040687023,0.392715256,-0.612481203,0.336205218,0.297662714,0.119389313,0.355108448,0.617819549,0.0775,0.249431715,0.11259542,0.362385403,0.041667236,0.018181818,0.436357671,0.018320611,2.455518797,0.133318518,0.006174242,0.046311964,0.072546229,Sa,5
P03_Sa_02,0.614451613,0.125559227,0.04538961,0.044575163,0.355013045,-0.715612903,0.348173497,0.275090498,0.118954248,0.34165222,0.529935484,0.098636364,0.270903916,0.119542484,0.328322393,0.022792115,0.005194805,0.227921153,0.005228758,2.619322581,0.146734761,0.004811688,0.032791741,0.052159384,Sa,5
P03_Sa_03,0.622614379,0.089543956,0.025131579,0.033311258,0.372010125,-0.693071895,0.332350641,0.257733502,0.114039735,0.343130781,0.482156863,0.083026316,0.290019732,0.110860927,0.387248984,0.057854068,0.036842105,0.636810968,0.031788079,2.582973856,0.057865878,0.005473684,0.094592606,0.092701236,Sa,5
P03_Sa_04,0.596335878,0.124376637,0.034615385,0.049224806,0.395772127,-0.70480916,0.344620976,0.260710056,0.11496124,0.333587472,0.538320611,0.080923077,0.231041787,0.130232558,0.371824257,0.106003025,0.076923077,0.725668699,0.088372093,2.790458015,0.063115067,0.006715385,0.106399073,0.131542688,Sa,5
P04_Af_01,0.17986014,0.786735979,0.051760563,0.090283688,0.114757289,0.51972028,0.252343785,0.383726454,0.15070922,0.597237692,0.35,0.083239437,0.53345586,0.104184397,0.667685649,0.072413882,0.030985915,0.427900212,0.032624113,0.93420979,0.019098283,0.002415493,0.12647697,0.157082184,Af,1
P04_Af_02,0.228389831,0.767397612,0.061623932,0.106465517,0.138735794,0.547457627,0.246487067,0.406394304,0.142413793,0.577773896,0.270084746,0.067948718,0.393171227,0.1,0.578629353,0.090149328,0.05982906,0.663666176,0.044827586,0.953144068,0.034482072,0.002897436,0.084027315,0.103252057,Af,1
P04_Af_03,0.269609375,0.762176124,0.042913386,0.08047619,0.105587394,0.52890625,0.222183986,0.261186673,0.083174603,0.374350127,0.211015625,0.036377953,0.22631464,0.05547619,0.345128659,0.118346548,0.064566929,0.545575093,0.068253968,1.006890625,0.076500552,0.002992126,0.039112476,0.061416717,Af,1
P04_Af_04,0.215625,0.793452289,0.057637795,0.105079365,0.132433124,0.534609375,0.21024883,0.326572173,0.105952381,0.503938028,0.204609375,0.044488189,0.274248735,0.06484127,0.399715895,0.03549426,0.012598425,0.354942604,0.012698413,1.026492188,0.0334624,0.00288189,0.086123223,0.101037354,Af,1
P04_An_01,0.53686747,1.004699843,0.40402439,0.520617284,0.51818191,0.38060241,0.950522769,0.535905357,0.609506173,0.641232585,0.644337349,0.41195122,0.549669811,0.591975309,0.789877395,0.021952852,0.004878049,0.222205697,0.004938272,1.124481928,0.04169733,0.005243902,0.125761108,0.226796058,An,2
P04_An_02,0.218333333,0.9729496,0.179156627,0.262073171,0.269359452,0.202857143,0.695636263,0.450484701,0.397195122,0.570981047,0.609880952,0.511807229,0.561368839,0.662560976,0.726721047,0.074983265,0.045783133,0.610578011,0.051219512,1.259809524,0.037988101,0.004987952,0.131303005,0.195504094,An,2
P04_An_03,0.348205128,0.992681981,0.35987013,0.475921053,0.479429527,0.378589744,0.999628144,0.524870501,0.694868421,0.695126908,0.616410256,0.468571429,0.583678309,0.684342105,0.852454116,0.057532802,0.025974026,0.451464644,0.036842105,1.258141026,0.058032397,0.005636364,0.097124433,0.157353124,An,2
P04_An_04,0.206144578,0.856015773,0.137195122,0.205308642,0.239842125,0.208313253,0.772486987,0.444399309,0.449506173,0.581894816,0.648554217,0.376463415,0.509970208,0.549876543,0.744881559,0.05938266,0.031707317,0.533949086,0.032098765,1.287349398,0.018511324,0.004902439,0.264834597,0.356138362,An,2
P04_Ha_01,0.490568182,0.706715501,0.126321839,0.199069767,0.281683035,0.545227273,0.334478415,0.433338961,0.192790698,0.576392046,0.22,0.103793103,0.478679947,0.145232558,0.669793184,0.062847778,0.020689655,0.329202649,0.027906977,1.320954545,0.02047814,0.004,0.195330237,0.275392921,Ha,3
P04_Ha_02,0.321807229,0.74065914,0.106463415,0.192222222,0.25952859,0.596144578,0.299983054,0.544339692,0.199753086,0.665881236,0.21626506,0.171585366,0.550908632,0.23691358,0.760657738,0.100425191,0.090243902,0.898618184,0.10617284,1.365421687,0.02033747,0.003817073,0.187686725,0.233710799,Ha,3
P04_Ha_03,0.424431818,0.696164959,0.115977011,0.18255814,0.262234025,0.581477273,0.344925578,0.584500565,0.23755814,0.688722885,0.269204545,0.102068966,0.446397649,0.146162791,0.639241573,0.084294354,0.009195402,0.109086811,0.013953488,1.389590909,0.012238658,0.00283908,0.231976456,0.301180618,Ha,3
P04_Ha_04,0.372891566,0.767516632,0.126829268,0.204938272,0.267014763,0.574698795,0.361410979,0.513907208,0.234938272,0.650058479,0.254578313,0.175731707,0.569343364,0.220246914,0.713565699,0.100425191,0.102439024,1.020053073,0.113580247,1.445012048,0.012527525,0.003890244,0.310535718,0.418830828,Ha,3
P04_Re_01,0.437966102,0.625060078,0.055555556,0.094741379,0.151571637,0.585762712,0.227972883,0.223823291,0.082844828,0.363397727,0.147881356,0.051025641,0.26318742,0.067844828,0.34993985,0.096347914,0.018803419,0.19516166,0.022413793,0.747483051,0.032669736,0.002273504,0.06959053,0.0989527,Re,4
P04_Re_02,0.195508475,0.639529204,0.055042735,0.099310345,0.155286646,0.678305085,0.186351864,0.413242698,0.0975,0.523203782,0.083050847,0.044957265,0.288228612,0.055431034,0.355377715,0.036822985,0.008547009,0.232110694,0.010344828,0.806932203,0.050210621,0.002179487,0.043406895,0.064212269,Re,4
P04_Re_03,0.374322034,0.594686557,0.048290598,0.087586207,0.147281296,0.644576271,0.211686932,0.244676755,0.072586207,0.342894132,0.175508475,0.049401709,0.276026875,0.073103448,0.408457858,0.040459479,0.013675214,0.337997771,0.015517241,0.749161017,0.029164717,0.001846154,0.063300936,0.09340526,Re,4
P04_Re_04,0.486328125,0.582422136,0.043149606,0.079206349,0.135994744,0.580234375,0.228781314,0.208912497,0.071269841,0.311519504,0.20703125,0.040708661,0.226091331,0.059285714,0.329266195,0.090977711,0.049606299,0.545257719,0.030952381,0.76971875,0.018065035,0.002149606,0.118992648,0.130920279,Re,4
P04_Sa_01,0.504897959,0.59891869,0.065051546,0.119166667,0.198969691,0.578163265,0.231553903,0.268023362,0.099375,0.42916573,0.15377551,0.067628866,0.291952131,0.103229167,0.445637743,0.068188672,0.035051546,0.514037678,0.0375,0.831244898,0.039176066,0.002185567,0.055788323,0.077906836,Sa,5
P04_Sa_02,0.563539823,0.549537013,0.050803571,0.092612613,0.168528435,0.55159292,0.228990667,0.206262305,0.081081081,0.354080287,0.185309735,0.049285714,0.220747453,0.083153153,0.372437471,0.066233316,0.0375,0.566180323,0.036036036,0.876230088,0.037920737,0.002473214,0.065220628,0.105720756,Sa,5
P04_Sa_03,0.546864407,0.520014298,0.045042735,0.085775862,0.164949045,0.588305085,0.229045978,0.22575992,0.080086207,0.349651226,0.189491525,0.036410256,0.196277556,0.060086207,0.323908014,0.093183589,0.052991453,0.568677958,0.060344828,0.933635593,0.06680443,0.00265812,0.039789572,0.066070365,Sa,5
P04_Sa_04,0.521122449,0.48746955,0.054742268,0.1009375,0.207064216,0.630306122,0.228312745,0.219449391,0.085208333,0.373208834,0.195,0.058247423,0.306017494,0.085520833,0.44930522,0.095004623,0.065979381,0.694486009,0.077083333,0.900867347,0.01946058,0.002113402,0.108599129,0.137029145,Sa,5
P05_Af_01,-0.776617647,0.098792868,0.044626866,0.055757576,0.564388675,0.526323529,0.107798934,0.677048203,0.097121212,0.900947797,-0.221470588,0.072985075,0.374225303,0.092575758,0.474675008,0.064917047,0.032835821,0.505811992,0.036363636,0.217808824,0.000758186,0.000507463,0.669311401,0.759388069,Af,1
P05_Af_02,-0.808965517,0.108283087,0.052631579,0.063571429,0.587085486,0.479482759,0.129823394,0.65676266,0.11,0.847304914,-0.196206897,0.082631579,0.395322863,0.11625,0.556158837,0.128841457,0.021052632,0.163399515,0.021428571,0.217344828,0.001163053,0.000719298,0.618457027,0.644854583,Af,1
P05_Af_03,-0.742,0.143737048,0.047457627,0.062413793,0.434222032,0.512333333,0.126870636,0.740110622,0.111896552,0.881973604,-0.260833333,0.098813559,0.424476532,0.114655172,0.492527851,2.87E-14,0,0,0,0.214483333,0.001620752,0.000661017,0.407845902,0.425515618,Af,1
P05_Af_04,-0.764615385,0.152588993,0.068684211,0.087567568,0.573878665,0.465128205,0.138637577,0.577044128,0.111621622,0.805132517,-0.300769231,0.112894737,0.479521141,0.142972973,0.607278648,0.099662047,0.1,1.00339099,0.102702703,0.210666667,0.001420403,0.000921053,0.648444716,0.875275184,Af,1
P05_An_01,-0.807391304,0.289886652,0.132352941,0.161343284,0.55657369,0.514492754,0.657988325,0.450794696,0.406716418,0.618121025,-0.095942029,0.282352941,0.49978158,0.313731343,0.555323227,0.070921351,0.058823529,0.829419189,0.059701493,0.209985507,0.002410106,0.000485294,0.201358007,0.235327494,An,2
P05_An_02,-0.768412698,0.29798358,0.156451613,0.16,0.536942337,0.44047619,0.525766502,0.527954223,0.338196721,0.643245091,-0.171269841,0.243870968,0.455667375,0.306229508,0.572182894,2.86E-14,0,0,0,0.218190476,0.004118632,0.000580645,0.140980085,0.151251859,An,2
P05_An_03,-0.678035714,0.290024574,0.161454545,0.170555556,0.588072774,0.478928571,0.480320645,0.57764443,0.332037037,0.691282043,-0.305714286,0.254909091,0.481508279,0.281666667,0.532051766,0.149805068,0.014545455,0.097095878,0.018518519,0.224428571,0.002122238,0.000890909,0.419796882,0.410119025,An,2
P05_An_04,-0.595517241,0.250817417,0.099824561,0.103928571,0.414359467,0.507931034,0.436893976,0.483878287,0.25375,0.580804529,-0.399310345,0.224736842,0.421589143,0.238928571,0.448211743,0.056624126,0.028070175,0.495728193,0.032142857,0.218465517,0.000994997,0.000350877,0.352641615,0.323044908,An,2
P05_Ha_01,-0.97,0.038561075,0.016231884,0.020882353,0.541539696,0.426285714,0.081082735,0.518346914,0.056176471,0.692829003,0.105571429,0.036086957,0.504582602,0.047941176,0.670333158,0.094617023,0.086956522,0.919036759,0.073529412,0.238714286,0.005826334,0.001,0.171634508,0.174158545,Ha,3
P05_Ha_02,-0.607346939,0.275633932,0.103125,0.132978723,0.482446854,0.587959184,0.34140628,0.520518642,0.243404255,0.712946039,-0.310408163,0.142708333,0.430102975,0.209787234,0.632269408,0.048445214,0.025,0.516046847,0.025531915,0.242326531,0.002173589,0.000958333,0.440899023,0.362181621,Ha,3
P05_Ha_03,-0.4574,0.147063918,0.089795918,0.087708333,0.596396007,0.6008,0.25540556,0.458654296,0.16,0.626454648,-0.5006,0.09755102,0.448445078,0.139166667,0.639753499,0,0,0,0,0.24028,0.00209021,0.000857143,0.410074914,0.558157522,Ha,3
P05_Ha_04,-0.565,0.285708322,0.110377358,0.126923077,0.444240042,0.505740741,0.426506661,0.591908295,0.307884615,0.721875281,-0.401481481,0.141698113,0.382567849,0.1825,0.492728032,0,0,0,0,0.259166667,0.003839959,0.001320755,0.343950238,0.375604999,Ha,3
P05_Re_01,-0.819857143,0.190137196,0.112753623,0.135882353,0.714654239,0.561,0.573916496,0.55807745,0.431911765,0.752569002,-0.001571429,0.210434783,0.555705313,0.223676471,0.590673279,0.099230998,0.08115942,0.817883748,0.091176471,0.239014286,0.010171704,0.000768116,0.075514972,0.121444168,Re,4
P05_Re_02,-0.926428571,0.144613786,0.087826087,0.112941176,0.780984855,0.438714286,0.359298517,0.529614919,0.283382353,0.788710054,0.013857143,0.161449275,0.531660641,0.2025,0.666842756,0.040799464,0.017391304,0.426263058,0.017647059,0.252942857,0.002302398,0.000637681,0.276963948,0.249100931,Re,4
P05_Re_03,-0.800428571,0.255697034,0.149130435,0.180441176,0.705683495,0.498857143,0.488118371,0.53681443,0.352205882,0.721558341,-0.182285714,0.164492754,0.47301844,0.235735294,0.677884822,3.58E-14,0,0,0,0.242542857,0.002494549,0.00084058,0.336966617,0.359607629,Re,4
P05_Re_04,-0.844285714,0.21921845,0.116956522,0.127647059,0.582282462,0.482428571,0.385352975,0.464847676,0.263382353,0.683483378,-0.133285714,0.135072464,0.482922197,0.181617647,0.64933437,0.090649828,0.052173913,0.575554463,0.039705882,0.238414286,0.002102399,0.000855072,0.406712685,0.363730088,Re,4
P05_Sa_01,-0.926571429,0.09416122,0.047826087,0.052352941,0.555992595,0.480142857,0.203743892,0.617427596,0.131029412,0.643108417,0.062428571,0.117971014,0.540810888,0.124705882,0.571685335,0.167239182,0.113043478,0.675938956,0.126470588,0.231442857,0.001774503,0.000681159,0.383859243,0.513814093,Sa,5
P05_Sa_02,-0.803,0.11476946,0.048550725,0.061029412,0.531756546,0.509857143,0.154867806,0.627931521,0.136029412,0.87835823,-0.197285714,0.095942029,0.46287763,0.113823529,0.549147919,0.035856858,0.008695652,0.242510153,0.008823529,0.224328571,0.001017548,0.000405797,0.398799017,0.49137736,Sa,5
P05_Sa_03,-0.827142857,0.107043847,0.049130435,0.056617647,0.528920147,0.460571429,0.183325842,0.618207079,0.149852941,0.81741308,-0.186857143,0.112173913,0.469683116,0.125294118,0.524618693,0.023904572,0.005797101,0.242510153,0.005882353,0.223785714,0.001238195,0.00084058,0.678875189,0.831381127,Sa,5
P05_Sa_04,-0.754754098,0.150694023,0.0555,0.067966102,0.451020554,0.449672131,0.292728357,0.573910919,0.197627119,0.675121198,-0.282622951,0.114833333,0.422393604,0.150508475,0.553618146,0.1001638,0.12,1.198037611,0.088135593,0.218344262,0.001302373,0.001183333,0.908598022,0.624674696,Sa,5
P06_Af_01,-0.146974195,0.228782755,0.110185185,0.129433962,0.565750519,-0.099992531,0.506590704,0.552714445,0.298490566,0.589214456,0.145891504,0.307407407,0.626437529,0.404716981,0.824735837,0.00124235,0.001111111,0.894362149,0.000943396,-0.072456392,0.005386415,0.000592593,0.110016138,0.133109148,Af,1
P06_Af_02,-0.085801289,0.323623359,0.1854,0.207346939,0.640704489,0.037854171,0.751805722,0.616648672,0.515306122,0.685424582,0.176583126,0.416,0.686871594,0.478367347,0.789848419,0.001603183,0.0015,0.935638601,0.001142857,-0.021347658,0.003953951,0.00082,0.207387517,0.299364758,Af,1
P06_Af_03,-0.091377893,0.383905764,0.194827586,0.225438596,0.587223787,-0.089995613,0.525831339,0.655776026,0.397017544,0.755028303,0.161056373,0.357241379,0.661931219,0.430350877,0.797395535,0.001950438,0.001551724,0.795577303,0.001929825,0.021110634,0.007725416,0.001017241,0.131674636,0.267969434,Af,1
P06_Af_04,-0.073762073,0.366726304,0.237045455,0.260232558,0.709609743,0.01501757,0.747253017,0.676416869,0.532790698,0.712999059,0.283628878,0.511818182,0.702690036,0.62255814,0.854728138,0.002306118,0.001636364,0.709574875,0.002186047,0.108751688,0.012343485,0.001295455,0.104950471,0.177101244,Af,1
P06_An_01,-0.075326176,0.571564692,0.292857143,0.316447368,0.553651009,-0.108563627,0.680905317,0.5826849,0.438157895,0.643493131,0.256175886,0.535584416,0.633989387,0.681973684,0.807275316,0.002037118,0.001844156,0.905276844,0.001644737,0.088189295,0.007163938,0.001064935,0.148652184,0.176321717,An,2
P06_An_02,-0.008095407,0.532641182,0.23752809,0.260340909,0.488773526,-0.134993542,0.700778687,0.582305689,0.440431818,0.628489174,0.273184433,0.471797753,0.527624929,0.59,0.659813885,0.002487321,0.002426966,0.975734993,0.002136364,0.161051688,0.013239845,0.00141573,0.106929521,0.166508398,An,2
P06_An_03,-0.048363166,0.605676698,0.340333333,0.329491525,0.544005617,-0.139095363,0.67028821,0.688509798,0.471525424,0.703466683,0.216171683,0.527166667,0.638814915,0.567627119,0.687844457,0.002259165,0.002233333,0.988565966,0.00220339,0.189071178,0.005750885,0.001216667,0.211561643,0.335983663,An,2
P06_An_04,-0.169908192,0.516470503,0.235694444,0.257042254,0.497690094,-0.265825657,0.419914194,0.595690483,0.272535211,0.649025957,0.116867843,0.347777778,0.512270845,0.434929577,0.640643987,0.001929898,0.001888889,0.978750759,0.001633803,0.235057929,0.011726834,0.000986111,0.084090137,0.11289864,An,2
P06_Ha_01,-0.028546387,0.291302967,0.148059701,0.178484848,0.612712085,-0.209743868,0.390662834,0.533345358,0.258030303,0.660493604,0.31354391,0.377462687,0.618028815,0.491818182,0.805265842,0.00214053,0.001880597,0.878565931,0.001515152,0.251201362,0.013185314,0.001119403,0.084897712,0.108017332,Ha,3
P06_Ha_02,-0.113682471,0.180548939,0.101666667,0.126,0.697871726,-0.12029918,0.377860087,0.564181891,0.246461538,0.652256079,0.219237501,0.256515152,0.602370948,0.328769231,0.772044193,0.002522983,0.002727273,1.08097131,0.002953846,0.240444557,0.011236208,0.001590909,0.141587719,0.210856788,Ha,3
P06_Ha_03,-0.163408332,0.318278212,0.168333333,0.212978723,0.669158979,-0.242537986,0.228035085,0.675151954,0.189148936,0.829472957,0.302481485,0.361666667,0.591418023,0.520638298,0.851377528,0.001681229,0.001166667,0.693936838,0.001191489,0.268376632,0.0016721,0.00075,0.44853777,0.610774836,Ha,3
P06_Ha_04,0.003190308,0.308742059,0.191612903,0.225081967,0.729029171,-0.083172907,0.503596334,0.634789012,0.353278689,0.701511637,0.335089195,0.304516129,0.595271061,0.405409836,0.792499051,0.002775616,0.002967742,1.069219145,0.00257377,0.294319942,0.013139002,0.001596774,0.121529332,0.143484706,Ha,3
P06_Re_01,-0.143289499,0.191016091,0.09474359,0.110909091,0.580626953,0.081765811,0.405844114,0.567983648,0.274805195,0.67712007,0.015364461,0.250641026,0.403038707,0.326623377,0.525220734,0.001243875,0.000820513,0.659642524,0.000961039,-0.164295288,0.002618376,0.000525641,0.200750809,0.33727662,Re,4
P06_Re_02,-0.087249253,0.309047337,0.198421053,0.211081081,0.683005663,-0.044076448,0.479926192,0.656350925,0.371351351,0.773767628,0.274098963,0.384684211,0.740506974,0.491027027,0.945214096,0.001820931,0.001052632,0.578073313,0.001189189,-0.132990192,0.00388516,0.000894737,0.230296019,0.389562741,Re,4
P06_Re_03,-0.20342874,0.427021887,0.293076923,0.304210526,0.712400313,-0.142287986,0.294204599,0.688514398,0.259736842,0.882844262,0.229073322,0.351282051,0.789844668,0.408421053,0.918319594,0.000905822,0.000769231,0.849207776,0.000526316,-0.127842756,0.000669864,0.000410256,0.612447202,0.549993704,Re,4
P06_Re_04,-0.095591531,0.244892681,0.189047619,0.206097561,0.841583179,0.033973642,0.664923496,0.708280552,0.523170732,0.786813422,0.20230588,0.396428571,0.826974727,0.457073171,0.953483144,0.001812654,0.001904762,1.050813875,0.001170732,-0.131209035,0.002269983,0.001,0.440531886,0.472765927,Re,4
P06_Sa_01,-0.093577676,0.191819999,0.114347826,0.116222222,0.6058921,0.002781163,0.252025284,0.681436115,0.194444444,0.771527528,0.275903109,0.211956522,0.883467219,0.236222222,0.984610372,0.001414214,0.001565217,1.106775831,0.0016,-0.127326799,0.001164936,0.000869565,0.746448672,0.915643704,Sa,5
P06_Sa_02,-0.139539851,0.257254934,0.189772727,0.20627907,0.801846894,-0.030093542,0.504259834,0.703100725,0.398837209,0.790935908,0.198295544,0.327045455,0.767985832,0.428372093,1.005926526,0.001312335,0.001113636,0.848591758,0.001046512,-0.1075372,0.002848888,0.000613636,0.215395063,0.326524815,Sa,5
P06_Sa_03,-0.140582586,0.445289744,0.253137255,0.2674,0.600507879,-0.08388414,0.475741027,0.613696881,0.3374,0.709209382,0.21553486,0.26745098,0.664046322,0.3888,0.965340302,0.001303638,0.001156863,0.887411018,0.00128,-0.080573525,0.005097059,0.000627451,0.123100581,0.184420058,Sa,5
P06_Sa_04,-0.202610558,0.277046489,0.172325581,0.176190476,0.635959968,-0.086401622,0.510837051,0.653737797,0.385714286,0.755063254,0.205936958,0.369534884,0.735248093,0.49047619,0.97587995,0.001185492,0.001162791,0.98085079,0.001,-0.047274574,0.002355328,0.000581395,0.246842655,0.34369901,Sa,5
P07_Af_01,-0.910769231,0.109851553,0.04776699,0.058137255,0.529234711,-0.009711538,0.092636221,0.540793731,0.061372549,0.662511365,0.704903846,0.095048544,0.626150452,0.09754902,0.642622815,0.027600045,0.00776699,0.281412228,0.007843137,0.055269231,0.000740385,0.000427184,0.576975949,0.582632576,Af,1
P07_Af_02,-0.95056872,0.272223051,0.121333333,0.126937799,0.4663007,-0.023507109,0.255335491,0.58224051,0.150047847,0.587649787,0.673127962,0.263952381,0.534115576,0.292583732,0.592051976,0.063651046,0.028571429,0.448876026,0.035406699,0.060597156,0.001176675,0.0006,0.509911541,0.455423386,Af,1
P07_Af_03,-0.830888889,0.42336704,0.206292135,0.2175,0.513738623,-0.026,0.380519456,0.509356938,0.224204545,0.589206523,0.719211111,0.286719101,0.623152434,0.308613636,0.670737799,0.036102227,0.013483146,0.373471313,0.013636364,0.069911111,0.001496396,0.001213483,0.810937174,0.835340376,Af,1
P07_Af_04,-0.81212766,0.270578576,0.191304348,0.205111111,0.758046383,-0.024893617,0.186126095,0.82809686,0.151111111,0.811874934,0.788085106,0.345652174,0.96679015,0.356666667,0.997597719,0.040805942,0.013043478,0.319646544,0.013333333,0.089,0,0,0,0,Af,1
P07_An_01,-0.884319588,0.388153898,0.190083333,0.222189474,0.572426232,-0.017835052,0.541393316,0.515837239,0.318842105,0.58892878,0.619381443,0.513854167,0.615890544,0.543263158,0.651139299,0.099871051,0.089583333,0.896989994,0.094736842,0.051546392,0.00427449,0.001041667,0.243693802,0.27581008,An,2
P07_An_02,-0.936444444,0.21259399,0.122696629,0.140454545,0.660670347,-0.068555556,0.203008613,0.446651775,0.114772727,0.565358906,0.650111111,0.198988764,0.726914727,0.208636364,0.762157833,0.076893493,0.04494382,0.584494456,0.063636364,0.065844444,0.001262342,0.001123596,0.890087811,0.864194347,An,2
P07_An_03,-0.913563218,0.15309958,0.089302326,0.107647059,0.703117923,-0.048850575,0.184803008,0.578239858,0.125647059,0.67989726,0.716551724,0.20744186,0.540555374,0.208941176,0.544462316,0.030147104,0.009302326,0.30856448,0.009411765,0.072,4.19E-17,0,0,0,An,2
P07_An_04,-0.943235294,0.346941611,0.231343284,0.221212121,0.637606198,-0.146911765,0.327173592,0.705727871,0.256060606,0.782644481,0.788073529,0.412507463,0.595042651,0.478909091,0.690827102,0.100043889,0.086567164,0.865291878,0.112121212,0.089088235,0.000510642,0.000179104,0.350743863,0.178029082,An,2
P07_Ha_01,-0.952814815,0.165708123,0.084179104,0.089849624,0.542216173,-0.037851852,0.151939625,0.54960951,0.097819549,0.643805387,0.668222222,0.148358209,0.585421987,0.137293233,0.541759555,0.029888312,0.008955224,0.299622934,0.009022556,0.049711111,0.001078049,0.00061194,0.567636957,0.557956004,Ha,2
P07_Ha_02,-0.942109375,0.161945127,0.077007874,0.08952381,0.552803355,-0.048125,0.171389642,0.549928031,0.104047619,0.607082305,0.713203125,0.126456693,0.523889807,0.153968254,0.637865794,0.058525181,0.020472441,0.349805682,0.022222222,0.0669375,0.001070359,0.000834646,0.779780747,0.860117548,Ha,3
P07_Ha_03,-0.87953125,0.119162824,0.06,0.068571429,0.575443133,0.0071875,0.186251618,0.473916508,0.102698413,0.551396082,0.776953125,0.118661417,0.532412122,0.161428571,0.724300536,0.064581481,0.044094488,0.682772946,0.033333333,0.07221875,0.000626671,0.000283465,0.452333951,0.557240326,Ha,3
P07_Ha_04,-0.840847458,0.339422878,0.221724138,0.215087719,0.63368657,-0.066101695,0.219230763,0.79588629,0.201052632,0.917082206,0.836610169,0.374310345,0.714860033,0.435087719,0.83093301,0.081195048,0.062068966,0.764442743,0.059649123,0.090711864,0.001554203,0.001206897,0.776537349,0.824024846,Ha,3
P07_Re_01,-0.910392157,0.148177003,0.068947368,0.08192053,0.552855897,0.089411765,0.138769192,0.438535834,0.063311258,0.456234252,0.715098039,0.098355263,0.528709725,0.13218543,0.710564136,0.077588349,0.044736842,0.576592271,0.045033113,0.050542484,0.002099458,0.00075,0.357235105,0.479467867,Re,4
P07_Re_02,-0.95144,0.170514894,0.079032258,0.099268293,0.582167871,-0.07232,0.159526194,0.522211743,0.10300813,0.645712956,0.68768,0.186935484,0.678863719,0.190325203,0.691173622,0.079091617,0.043548387,0.550606863,0.05203252,0.054936,0.000618844,0.000209677,0.338821192,0.3678509,Re,4
P07_Re_03,-0.907735849,0.066808654,0.037428571,0.051346154,0.768555433,-0.023490566,0.127503818,0.599048353,0.086442308,0.67795858,0.730566038,0.121047619,0.553022083,0.139038462,0.63521563,0.0840998,0.019047619,0.226488281,0.026923077,0.06790566,0.000971286,0.000533333,0.549100274,0.673175817,Re,4
P07_Re_04,-0.924285714,0.195519163,0.116956522,0.133823529,0.68445224,-0.114857143,0.204037101,0.655606824,0.165588235,0.811559438,0.788428571,0.24942029,0.669313975,0.356764706,0.957370403,0.086381119,0.08115942,0.939550462,0.064705882,0.088757143,0.001055499,0.000144928,0.137307095,0.195056844,Re,4
P07_Sa_01,-0.872402235,0.135498809,0.055955056,0.06559322,0.484087063,0.050391061,0.163075646,0.507450443,0.079265537,0.486066059,0.745418994,0.098089888,0.42587568,0.142316384,0.617893326,0.113470374,0.056179775,0.495105228,0.065536723,0.053659218,0.001951969,0.00058427,0.29932329,0.289436906,Sa,5
P07_Sa_02,-0.95144,0.170514894,0.079032258,0.099268293,0.582167871,-0.07232,0.159526194,0.522211743,0.10300813,0.645712956,0.68768,0.186935484,0.678863719,0.190325203,0.691173622,0.079091617,0.043548387,0.550606863,0.05203252,0.054936,0.000618844,0.000209677,0.338821192,0.3678509,Sa,5
P07_Sa_03,-0.89688172,0.13767462,0.073369565,0.076373626,0.554740055,-0.029032258,0.103346868,0.701521021,0.08043956,0.778345414,0.728602151,0.173152174,0.694658347,0.175824176,0.705377984,0.09684118,0.073913043,0.763239807,0.094505495,0.069225806,0.001504551,0.000891304,0.592405422,0.686561524,Sa,5
P07_Sa_04,-0.846941176,0.094981496,0.055357143,0.068554217,0.721763919,-0.040941176,0.173614403,0.71450074,0.12060241,0.69465671,0.818352941,0.12797619,0.751383414,0.151807229,0.891301995,0.03712346,0.014285714,0.384816351,0.014457831,0.088929412,0.000371235,0.000142857,0.384816351,0.389452692,Sa,5
P08_Af_01,0.766176471,0.107393773,0.080909091,0.090625,0.843857121,-0.521470588,0.116023309,0.867119388,0.1290625,1.112384238,0.143235294,0.181818182,0.751561371,0.261875,1.082483237,0.089562215,0.060606061,0.676692292,0.0875,0.137676471,0.00080606,0.000787879,0.977444422,0.852914243,Af,1
P08_Af_02,0.772142857,0.048365262,0.032195122,0.04025,0.832208863,-0.514285714,0.141819928,0.679322467,0.13925,0.981878936,0.161666667,0.162439024,0.64632445,0.20875,0.830589997,0.052132236,0.029268293,0.56142408,0.02,0.138142857,0.000751305,0.000682927,0.908986882,0.998262379,Af,1
P08_Af_03,0.74952381,0.129895875,0.091707317,0.09925,0.76407353,-0.562619048,0.208678297,0.73984811,0.2255,1.080610695,0.156428571,0.196829268,0.905894883,0.21925,1.009084953,2.16E-14,0,0,0,0.138071429,0.00046291,0.000341463,0.737645283,0.756086415,Af,1
P08_Af_04,0.752333333,0.090121884,0.065517241,0.073214286,0.812391866,-0.548666667,0.156947901,0.641548274,0.158571429,1.010344372,0.129666667,0.202413793,0.858399962,0.265357143,1.125331222,1.45E-14,0,0,0,0.1389,0.001398275,0.001551724,1.109741904,0.459750217,Af,1
P08_An_01,0.632162162,0.990810934,0.581666667,0.670571429,0.676790501,-0.236756757,0.733420654,0.816569435,0.612285714,0.834835658,0.382432432,0.624444444,0.808717796,0.637428571,0.825533535,0.128282721,0.022222222,0.173228492,0.034285714,0.152,0.00057735,0.000444444,0.769800359,0.742307489,An,2
P08_An_02,0.739565217,0.582152926,0.293555556,0.343863636,0.590675785,-0.252173913,0.585490917,0.688121502,0.507045455,0.866017627,0.41326087,0.372666667,0.720130927,0.409318182,0.790955318,0.100722031,0.075555556,0.750139317,0.086363636,0.190304348,0.00742928,0.000888889,0.119646705,0.177430626,An,2
P08_An_03,0.707843137,0.608941093,0.3122,0.350204082,0.575103381,-0.254509804,0.747476592,0.568044545,0.611632653,0.818263287,0.429019608,0.462,0.628192447,0.452653061,0.615483191,0.085680666,0.076,0.887014584,0.085714286,0.227666667,0.004013311,0.00096,0.239203978,0.3559583,An,2
P08_An_04,0.725737705,0.681311136,0.2915,0.351525424,0.51595432,-0.288360656,0.796653794,0.529088047,0.475423729,0.596775829,0.491967213,0.244666667,0.512211445,0.289491525,0.606052613,0.04360779,0.02,0.458633653,0.020338983,0.240672131,0.003009548,0.000566667,0.188289648,0.253430732,An,2
P08_Ha_01,0.727142857,0.348785648,0.304,0.332105263,0.952175827,-0.604761905,0.666787965,0.82484992,0.695789474,1.043494349,0.294285714,0.3285,0.871516171,0.349473684,0.927159717,0.043643578,0.02,0.458257569,0.021052632,0.28,1.14E-16,0,0,0,Ha,3
P08_Ha_02,0.674285714,0.262391839,0.152439024,0.199,0.758407733,-0.537619048,0.356293997,0.545589444,0.304,0.853227959,0.23047619,0.192926829,0.609138799,0.254,0.801968578,0.03086067,0.009756098,0.316133693,0.01,0.287166667,0.001286263,0.00104878,0.815370412,0.621956965,Ha,3
P08_Ha_03,0.742195122,0.304758201,0.2245,0.211538462,0.694119013,-0.527804878,0.444525096,0.434171213,0.356153846,0.801200763,0.206829268,0.17075,0.618695178,0.241538462,0.875189935,0.088345221,0.06,0.679153885,0.061538462,0.306146341,0.001589984,0.00115,0.723277767,0.612810594,Ha,3
P08_Ha_04,0.678571429,0.340813742,0.222682927,0.22975,0.674121878,-0.540714286,0.444436573,0.528484969,0.36725,0.826327135,0.247380952,0.229268293,0.698018692,0.26975,0.821267258,0.099359154,0.082926829,0.834616898,0.105,0.33497619,0.001906191,0.001707317,0.895669281,0.760679125,Ha,3
P08_Re_01,0.7478125,0.276332366,0.216129032,0.209333333,0.757541855,-0.5646875,0.379175543,0.630399988,0.288333333,0.760421758,0.2171875,0.382903226,0.92759954,0.376333333,0.911683693,0.053033009,0.019354839,0.364958339,0.02,0.1230625,0.000353553,0.000129032,0.364958339,0.377123617,Re,4
P08_Re_02,0.7209375,0.367119207,0.207741935,0.215666667,0.587456779,-0.511875,0.510277834,0.598029681,0.334,0.654545383,0.1859375,0.407096774,0.786557259,0.401,0.774777598,1.44E-14,0,0,0,0.124875,0.000491869,0.000258065,0.524660669,0.542149358,Re,4
P08_Re_03,0.762413793,0.255170184,0.211785714,0.20037037,0.785242098,-0.525172414,0.284813481,0.712245579,0.252592593,0.886870212,0.206551724,0.216071429,0.856044937,0.251851852,0.997801996,0.076885174,0.057142857,0.743223353,0.037037037,0.129137931,0.000350931,0.000285714,0.814160391,0.84431448,Re,4
P08_Re_04,0.774516129,0.198693041,0.168,0.174482759,0.878152337,-0.510645161,0.317846247,0.634478679,0.28862069,0.908051275,0.24516129,0.338,0.827532547,0.352068966,0.861977893,0.101600102,0.106666667,1.049867717,0.089655172,0.132580645,0.001803223,0.0019,1.053668949,1.070879513,Re,4
P08_Sa_01,0.733703704,0.182886012,0.144615385,0.1528,0.835493093,-0.614074074,0.336054703,0.734770484,0.2952,0.878428414,0.171851852,0.133461538,0.835385991,0.1828,1.144213988,0.038490018,0.015384615,0.399704033,0.016,0.134,8.49E-17,0,0,0,Sa,5
P08_Sa_02,0.758695652,0.24821736,0.236818182,0.224761905,0.905504373,-0.606521739,0.307225246,0.701291799,0.304285714,0.990431998,0.198695652,0.232727273,0.988009474,0.335714286,1.425225721,1.09E-14,0,0,0,0.13426087,0.0006887,0.000454545,0.660004591,0.414860029,Sa,5
P08_Sa_03,0.722692308,0.366361108,0.2312,0.2325,0.634619764,-0.56,0.307636149,0.811348085,0.237083333,0.770661492,0.211538462,0.3044,0.922079105,0.342083333,1.036228298,0.039223227,0.008,0.203960781,0.008333333,0.134076923,0.000392232,0.00016,0.407921561,0.424918293,Sa,5
P08_Sa_04,0.725,0.232332889,0.173333333,0.1785,0.768294151,-0.499090909,0.200402193,0.601172016,0.203,1.012962967,0.141363636,0.35047619,0.839391946,0.404,0.967581694,0.095346259,0.114285714,1.198638684,0.07,0.136636364,0.000953463,0.001047619,1.098752127,0.629285309,Sa,5
P09_Af_01,-0.240674157,0.115422128,0.086136364,0.080689655,0.699083067,-0.09505618,0.209594433,0.897837865,0.229310345,1.094066963,0.989101124,0.439545455,1.041984698,0.397356322,0.941971308,0.03629974,0.011363636,0.31305008,0.011494253,0.041853933,0.00099488,0.001045455,1.050835201,0.808738736,Af,1
P09_Af_02,-0.229468085,0.142061376,0.097741935,0.108478261,0.763601369,-0.120638298,0.16568404,0.84498181,0.159673913,0.963725372,1.027021277,0.573870968,1.030092493,0.53826087,0.966172732,0.138234943,0.077419355,0.560056328,0.073913043,0.042680851,0.001059649,0.00055914,0.527665283,0.697524091,Af,1
P09_Af_03,-0.251470588,0.163024611,0.105544554,0.1115,0.683945811,-0.136764706,0.208446217,0.94380544,0.2156,1.034319564,0.984705882,0.450792079,1.004153032,0.4558,1.015308328,0.064756162,0.035643564,0.550427377,0.044,0.043254902,0.000779518,0.000554455,0.711279447,0.769705973,Af,1
P09_Af_04,-0.227113402,0.144069997,0.0828125,0.096631579,0.670726597,-0.14742268,0.177049183,0.843692117,0.196842105,1.111793355,1.000917526,0.462895833,1.031868432,0.452926316,1.009644792,0.086751214,0.05,0.576360808,0.054736842,0.043721649,0.001007702,0.000958333,0.951008385,0.981910717,Af,1
P09_An_01,-0.315555556,0.138064075,0.05016,0.065967742,0.477805264,-0.035634921,0.247630357,0.476516698,0.131693548,0.531815041,0.956349206,0.2376,0.529508088,0.259919355,0.579248319,0.099942841,0.056,0.560320275,0.061290323,0.046253968,0.002003743,0.000224,0.11179081,0.112692349,An,2
P09_An_02,-0.302708333,0.157638687,0.099574468,0.12326087,0.781920173,-0.1125,0.313480801,0.661752834,0.230434783,0.735084196,1.038958333,0.444468085,0.628738055,0.531086957,0.751267844,0,0,0,0,0.0465,0.001271622,0.001531915,1.204694067,0.923162301,An,2
P09_An_03,-0.327894737,0.155755496,0.060714286,0.086909091,0.557984105,-0.134035088,0.30056411,0.570950213,0.216181818,0.719253599,0.935087719,0.300357143,0.671528322,0.330181818,0.73820932,0.100873379,0.071428571,0.708101306,0.083636364,0.045947368,0.001201503,0.00125,1.040363769,0.877688707,An,2
P09_An_04,-0.372533333,0.098270082,0.033108108,0.045890411,0.466982525,-0.063466667,0.201531255,0.594770596,0.127534247,0.632826141,0.954533333,0.242567568,0.533017972,0.280684932,0.616777067,0.100233961,0.027027027,0.26963942,0.021917808,0.0464,0.00236529,0.001594595,0.674164651,0.683399783,An,2
P09_Ha_01,-0.145948276,0.062373049,0.028782609,0.040701754,0.652553542,-0.153448276,0.10373967,0.678957075,0.080964912,0.780462408,0.989913793,0.172608696,0.910112589,0.192192982,1.013374513,2.85E-14,0,0,0,0.047534483,0.001354099,0.001286957,0.950415616,1.062401524,Ha,3
P09_Ha_02,-0.167535211,0.067310929,0.035531915,0.048428571,0.719475606,-0.085140845,0.159265762,0.723622112,0.126285714,0.792924436,1.008443662,0.222255319,0.728164005,0.297628571,0.975105628,0.075218192,0.045390071,0.603445384,0.042857143,0.048225352,0.001061207,0.001163121,1.096035071,1.023093364,Ha,3
P09_Ha_03,-0.188201439,0.072484399,0.035652174,0.051386861,0.708936846,-0.029352518,0.142132866,0.792277667,0.118467153,0.833495844,0.992517986,0.169637681,0.753332551,0.230437956,1.023336396,0.10722517,0.044927536,0.419001774,0.051094891,0.048870504,0.003040391,0.001391304,0.457607015,0.465748746,Ha,3
P09_Ha_04,-0.203970588,0.060225249,0.02637037,0.038955224,0.646825452,-0.020735294,0.143282329,0.783224444,0.12619403,0.880736871,0.998088235,0.170592593,0.770979186,0.217910448,0.984828339,0.017149859,0.002962963,0.172768945,0.002985075,0.048941176,0.000339165,0.000118519,0.349442397,0.264037632,Ha,3
P09_Re_01,-0.232992701,0.071623659,0.029044118,0.039851852,0.556406258,-0.087518248,0.269473291,0.257310233,0.089333333,0.331510901,0.952043796,0.096985294,0.428199683,0.129925926,0.573635836,0.171973617,0.091911765,0.534452705,0.099259259,0.038620438,0.00153456,0.001352941,0.881647821,1.04264438,Re,4
P09_Re_02,-0.25443299,0.072800656,0.040104167,0.049894737,0.685361085,-0.162680412,0.162131091,0.491500425,0.093684211,0.577830015,0.996082474,0.111875,0.51758544,0.159157895,0.736337957,0.087931557,0.04375,0.497546062,0.050526316,0.039701031,0.001385678,0.001604167,1.157676491,0.866002154,Re,4
P09_Re_03,-0.291944444,0.052550969,0.029439252,0.038113208,0.725261744,-0.106481481,0.083468219,0.581115465,0.057169811,0.684929091,0.979444444,0.08728972,0.487497121,0.122641509,0.684930403,0.037946602,0.011214953,0.295545652,0.01509434,0.0405,0.000912017,0.000878505,0.963254311,0.930965377,Re,4
P09_Re_04,-0.293958333,0.047693742,0.027684211,0.034468085,0.722696186,-0.1240625,0.108303454,0.623005839,0.078723404,0.726878057,0.985520833,0.121473684,0.552022626,0.161276596,0.732902196,0.05556725,0.029473684,0.530414661,0.034042553,0.040770833,0.000640381,0.000463158,0.723253742,0.531598495,Re,4
P09_Sa_01,-0.311103448,0.041233031,0.013055556,0.017062937,0.413817192,-0.110344828,0.039955075,0.550966021,0.024125874,0.603825019,0.977448276,0.034305556,0.399515257,0.045244755,0.526910867,0.079075113,0.018055556,0.228334235,0.015384615,0.040910345,0.001452571,0.000375,0.25816299,0.274411011,Sa,5
P09_Sa_02,-0.306174497,0.048023042,0.013648649,0.022108844,0.460379903,-0.076778523,0.059686891,0.484510392,0.037619048,0.630273199,0.982818792,0.060337838,0.400058777,0.079727891,0.528620908,0.068409412,0.039189189,0.572862536,0.027210884,0.041,9.05E-17,0,0,0,Sa,5
P09_Sa_03,-0.312777778,0.052429699,0.016783217,0.024788732,0.47279944,-0.064513889,0.070945955,0.427785495,0.043521127,0.613440569,0.980763889,0.062727273,0.421581545,0.085140845,0.572220144,0.100339362,0.048951049,0.487854895,0.047887324,0.041,8.36E-17,0,0,0,Sa,5
P09_Sa_04,-0.318653846,0.051719922,0.015612903,0.023766234,0.45951797,-0.051858974,0.05709985,0.438394462,0.03512987,0.615235768,0.972051282,0.052903226,0.400646773,0.069025974,0.52274759,0.109836709,0.052903226,0.481653415,0.052597403,0.041288462,0.000700319,0.000490323,0.700141802,0.704688177,Sa,5
